{"cameraMode":{"drawMode":0,"name":"Shaded","section":"Shading Mode"},"sceneLighting":true,"audioPlay":false,"sceneViewState":{"m_AlwaysRefresh":false,"showFog":true,"showSkybox":true,"showFlares":true,"showImageEffects":true,"showParticleSystems":true,"showVisualEffectGraphs":true,"m_FxEnabled":true},"in2DMode":false,"pivot":{"x":-1.5893211364746094,"y":29.963565826416017,"z":-117.46802520751953},"rotation":{"x":0.017860908061265947,"y":0.9712787866592407,"z":-0.07891307026147843,"w":0.22359247505664826},"size":72.74386596679688,"orthographic":false}